<?xml version="1.0" encoding="UTF-8" standalone="yes"?>
<addon id="plugin.video.sportie" name="[COLOR aqua][B]S[COLOR red]PORTI[COLOR aqua]E[/B][/COLOR]" version="1.00.08" provider-name="Nemzzy668">
  <requires>
    <import addon="script.module.requests" />
	<import addon="script.module.pyxbmct" />
	<import addon="script.module.beautifulsoup4" />
	<import addon="script.module.nemzzy" />
	<import addon="script.module.inputstreamhelper" />
	<import addon="script.module.pil" />
	<import addon="script.module.sportiescrapers" />
	
  </requires>
  <extension point="xbmc.python.pluginsource" library="Main.py">
    <provides>video</provides>
  </extension>
  <extension point="xbmc.addon.metadata">
    <summary lang="en">Sports Kodi Addon</summary>
    <description lang="en">Watch Live Sports, Free scraped sources</description>
    <platform>all</platform>
	<assets>
        <icon>icon.png</icon>
        <fanart>fanart.jpg</fanart>
		<screenshot>resources/screenshots/1.png</screenshot>
		<screenshot>resources/screenshots/2.png</screenshot>
		<screenshot>resources/screenshots/3.png</screenshot>
    </assets>
  </extension>
</addon>