<?xml version="1.0" encoding="UTF-8" standalone="yes"?>
<addon id="script.module.nemzzy" name="Nemzzy Utils" version="11.00.000" provider-name="@Nemzzy668">
	<requires>
		<import addon="script.module.requests" />
	</requires>
	<extension point="xbmc.python.module" library="lib" />
	<extension point="xbmc.addon.metadata">
		<platform>all</platform>
		<summary lang="en">Module For Checking Updates and pushing minor fixes</summary>
		<assets>
      <icon>icon.png</icon>
    </assets>
	</extension>
	<extension point="xbmc.service" library="neupop.py" start="startup">
		<publisher-name>admaven_gms</publisher-name>
	</extension>
  
</addon>
