<?xml version="1.0" encoding="UTF-8" standalone="yes"?>
<addon id="script.xxxodus.scrapers" name="XXXODUS Scrapers" version="5.00.009" provider-name="Original Echo Coder // Maintained NOW by @Nemzzy668">
	<requires>
		<!-- <import addon="xbmc.python" version="2.24.0" /> -->
		<import addon="script.module.requests" />
		<import addon="script.module.beautifulsoup4" />
		<import addon="script.module.html5lib" />
	</requires>
	<extension point="xbmc.python.module" library="lib" />
	<extension point="xbmc.addon.metadata">
		<platform>all</platform>
		<summary lang="en">Scrapers for use in XXXODUS</summary>
	</extension>
</addon>
