<?xml version="1.0" encoding="UTF-8" standalone="yes"?>
<addon id="script.module.sportiescrapers" name="Sportie Scrapers" version="1.00.00" provider-name="@Nemzzy668">
	<requires>
		<import addon="script.module.requests" />
		<import addon="script.module.beautifulsoup4" />
		<import addon="script.module.html5lib" />
		<import addon="script.module.resolveurl" />
	</requires>
	<extension point="xbmc.python.module" library="lib" />
	<extension point="xbmc.addon.metadata">
		<platform>all</platform>
		<summary lang="en">Scraper Moduel Used By Sportie addon</summary>
	</extension>
</addon>
