<?xml version="1.0" encoding="UTF-8" standalone="yes"?>
<addon id="plugin.video.nemesisaio" name="[COLOR yellow][B]NemesisAio[/B][/COLOR]" version="4.00.017" provider-name="[COLOR yellow]@Nemzzy668 , @_Manc_ , @LordJD[/COLOR]">
  <requires>
    <!-- <import addon="xbmc.python" version="2.1.0"/> -->
    <import addon="script.module.simplejson"/>
	<import addon="script.module.six" />
	<import addon="script.module.kodi-six" />
    <import addon="script.common.plugin.cache"/>
    <import addon="script.module.resolveurl" />
    <import addon="script.module.requests" />
    <import addon="script.module.beautifulsoup4" />
    <import addon="script.module.html5lib" />
	<import addon="script.module.nemzzyscrapers" />
	<import addon="script.module.pyxbmct" />

  </requires>
  <extension point="xbmc.python.pluginsource" library="nemesis.py">
        <provides>video</provides>
        <provides>audio</provides>
  </extension>
  <extension point="xbmc.addon.metadata">
    <summary lang="en">[COLOR yellow]NemesisAio Addon[/COLOR]</summary>
    <description lang="en">[COLOR yellow]NemesisAio Addon, We Do not host any streams or content, all information available in this addon is obtained using scrappers[/COLOR]</description>
    <platform>all</platform>
	<assets>
        <icon>icon.gif</icon>
        <fanart>fanart.jpg</fanart>
    </assets>
  </extension>
</addon>